id,first_name,last_name,email,gender,city,country
1,Hamel,De Fries,hdefries0@umich.edu,Male,Kwangmyŏng,South Korea
2,Alex,Jenteau,ajenteau1@purevolume.com,Male,Longxing,China
3,Carr,Dengel,cdengel2@mayoclinic.com,Male,Topolná,Czech Republic
4,Glynnis,Larret,glarret3@newsvine.com,Female,Gammad,Philippines
5,Nesta,Kernermann,nkernermann4@businessinsider.com,Female,Wanganui,New Zealand
6,Kamilah,Gowar,kgowar5@ibm.com,Female,Koksovyy,Russia
7,Jazmin,Scotchmer,jscotchmer6@cocolog-nifty.com,Female,Taozixi,China
8,Cullin,Emblen,cemblen7@sourceforge.net,Male,Wengyang,China
9,Gasparo,Cattellion,gcattellion8@technorati.com,Male,Kisarazu,Japan
10,Angelica,Jiricka,ajiricka9@privacy.gov.au,Female,Porvenir,Uruguay
11,Dolli,Licas,dlicasa@si.edu,Female,Minglanilla,Philippines
12,Kerianne,Cato,kcatob@go.com,Female,Paôy Pêt,Cambodia
13,Austin,Baysting,abaystingc@huffingtonpost.com,Male,Peyima,Sierra Leone
14,Bonnibelle,Mersh,bmershd@netlog.com,Female,Pizhanka,Russia
15,Marti,Mougeot,mmougeote@homestead.com,Female,Ashgabat,Turkmenistan
16,Kylie,Savory,ksavoryf@youtube.com,Male,Mszana Dolna,Poland
17,Cobb,Costard,ccostardg@eepurl.com,Male,Magsalangi,Philippines
18,Corrina,Adrianello,cadrianelloh@census.gov,Female,Banjar Banyualit,Indonesia
19,Brian,Cunnane,bcunnanei@arstechnica.com,Male,Telbang,Philippines
20,Gloria,Waldock,gwaldockj@msu.edu,Female,Taboc,Philippines
21,Gibbie,Sicily,gsicilyk@e-recht24.de,Male,Wielka Wieś,Poland
22,Lethia,Brimm,lbrimml@earthlink.net,Female,Mastung,Pakistan
23,Rabi,Liepins,rliepinsm@google.pl,Male,Sapotskin,Belarus
24,Griswold,Vellacott,gvellacottn@photobucket.com,Male,Duobao,China
25,Franchot,Prate,fprateo@google.de,Male,Sake,Democratic Republic of the Congo
26,Garfield,Weild,gweildp@vimeo.com,Male,Wiang Nuea,Thailand
27,Correy,Rollitt,crollittq@indiegogo.com,Female,Färgelanda,Sweden
28,Odey,Crallan,ocrallanr@wunderground.com,Male,Yihe,China
29,Ali,Ervin,aervins@ebay.co.uk,Female,Ar Rifā‘,Bahrain
30,Dulce,Kinglake,dkinglaket@mashable.com,Female,Huangjia,China
31,Myrvyn,Ensor,mensoru@engadget.com,Male,Diré,Mali
32,Ashli,Catterson,acattersonv@vk.com,Female,Oslo,Norway
33,Douglas,Camous,dcamousw@hatena.ne.jp,Male,Qinggang,China
34,Orin,Burnage,oburnagex@opera.com,Male,Hoeryŏng,North Korea
35,Susette,Gullen,sgulleny@360.cn,Female,‘Amrān,Yemen
36,Lynn,Filby,lfilbyz@prweb.com,Female,Guadalupe Victoria,Mexico
37,Inger,D'Ugo,idugo10@dell.com,Female,Novotroitsk,Russia
38,Julienne,Trenaman,jtrenaman11@miibeian.gov.cn,Female,Calarcá,Colombia
39,Marten,Mellanby,mmellanby12@census.gov,Male,Tha Tako,Thailand
40,Karel,Warratt,kwarratt13@friendfeed.com,Female,Joroan,Philippines
41,Dayle,Barrus,dbarrus14@nymag.com,Female,Gaplek,Indonesia
42,Cris,Fligg,cfligg15@amazon.com,Male,Marićka,Bosnia and Herzegovina
43,Terencio,Bullene,tbullene16@biblegateway.com,Male,Kuchurhan,Ukraine
44,Carolus,Rockell,crockell17@msu.edu,Male,Brudzeń Duży,Poland
45,Jessie,Lovie,jlovie18@imdb.com,Female,Hetou,China
46,Kent,Garrattley,kgarrattley19@histats.com,Male,Columbia,United States
47,Lonna,Pimbley,lpimbley1a@blogspot.com,Female,Ábrego,Colombia
48,Colas,Bowick,cbowick1b@flavors.me,Male,Yuanshanzi,China
49,Ginevra,Sacase,gsacase1c@google.com,Female,Ngrowo,Indonesia
50,Jordain,Brea,jbrea1d@cbslocal.com,Female,Changuillo,Peru
51,Orsa,Duffrie,oduffrie1e@senate.gov,Female,Toledo,United States
52,York,Larder,ylarder1f@google.cn,Male,Bañga,Philippines
53,Carolan,Siebert,csiebert1g@flavors.me,Female,Kladruby,Czech Republic
54,Marty,Ligertwood,mligertwood1h@rambler.ru,Female,Guashe,China
55,Candy,Malia,cmalia1i@nsw.gov.au,Female,Kusi,Indonesia
56,Upton,Edgley,uedgley1j@wordpress.com,Male,Tuusniemi,Finland
57,Chet,Parmer,cparmer1k@indiatimes.com,Male,Sumberpucung,Indonesia
58,Emilia,Gori,egori1l@creativecommons.org,Female,Gračec,Croatia
59,Noni,Ansill,nansill1m@guardian.co.uk,Female,Rudnyy,Kazakhstan
60,Forrester,Cuttler,fcuttler1n@bravesites.com,Male,Kavallári,Greece
61,Ddene,Doak,ddoak1o@prnewswire.com,Female,Cuba,Portugal
62,Merv,Gossage,mgossage1p@vistaprint.com,Male,Weihai,China
63,Darya,Atkinson,datkinson1q@sciencedaily.com,Female,Радолишта,Macedonia
64,Corette,Slocom,cslocom1r@yellowbook.com,Female,Orléans,France
65,Alessandro,Oriel,aoriel1s@weather.com,Male,Koudougou,Burkina Faso
66,Ninnette,Sullivan,nsullivan1t@wikia.com,Female,Brampton,United Kingdom
67,Bendick,Cheke,bcheke1u@etsy.com,Male,Lobos,Argentina
68,Suzette,Bearcock,sbearcock1v@xrea.com,Female,Shchūchīnsk,Kazakhstan
69,Archibaldo,M'Quharg,amquharg1w@bloglovin.com,Male,Tsotsin-Yurt,Russia
70,Lawry,Stocky,lstocky1x@baidu.com,Male,Tubod,Philippines
71,Clarita,Vondruska,cvondruska1y@youtube.com,Female,Itatuba,Brazil
72,Carla,Cromie,ccromie1z@scientificamerican.com,Female,Parigi,Indonesia
73,Gaylor,Jakolevitch,gjakolevitch20@wufoo.com,Male,Bordeaux,France
74,Dukey,Guidelli,dguidelli21@xing.com,Male,Erie,United States
75,Marta,Fante,mfante22@livejournal.com,Female,Dukhovshchina,Russia
76,Davey,Minshall,dminshall23@apple.com,Male,Jiahe,China
77,Jason,Janic,jjanic24@com.com,Male,Baizhifang,China
78,Christabel,Simoni,csimoni25@va.gov,Female,Sedatigede,Indonesia
79,Aldric,Jaquest,ajaquest26@wordpress.org,Male,Berlin,Germany
80,Joya,Neising,jneising27@mozilla.com,Female,Basqal,Azerbaijan
81,Colby,Silburn,csilburn28@i2i.jp,Male,Kawayan,Philippines
82,Adda,Anning,aanning29@reference.com,Female,Couva,Trinidad and Tobago
83,Randell,Hatterslay,rhatterslay2a@narod.ru,Male,Vila Nova de Milfontes,Portugal
84,Evan,Ferriere,eferriere2b@bing.com,Male,Puerto Rico,Argentina
85,Maris,Trudgion,mtrudgion2c@java.com,Female,Balogo,Philippines
86,Mattias,Ambage,mambage2d@comsenz.com,Male,Cibitungmasjid,Indonesia
87,Storm,Chedgey,schedgey2e@time.com,Female,Orange,France
88,Brooks,Murch,bmurch2f@va.gov,Female,Mikhaylovsk,Russia
89,Britteny,Brewis,bbrewis2g@wp.com,Female,Simnas,Lithuania
90,Alberta,Walshe,awalshe2h@phoca.cz,Female,Bektemir,Uzbekistan
91,Edita,Andell,eandell2i@bloomberg.com,Female,União da Vitória,Brazil
92,Jillana,Webborn,jwebborn2j@homestead.com,Female,Nielisz,Poland
93,Marv,Lyddiard,mlyddiard2k@noaa.gov,Male,Catujal Velho,Portugal
94,Yorgo,Sircomb,ysircomb2l@cbc.ca,Male,Três Pontas,Brazil
95,Tuck,Goeff,tgoeff2m@amazonaws.com,Male,Anuchino,Russia
96,Michele,Garaghan,mgaraghan2n@businessinsider.com,Male,Visby,Sweden
97,Freddy,Allpress,fallpress2o@hud.gov,Female,Chaman,Pakistan
98,Evangelin,Grindlay,egrindlay2p@phoca.cz,Female,Crespo,Argentina
99,Gerrilee,Mumford,gmumford2q@utexas.edu,Female,Kozmice,Czech Republic
100,Derwin,Shovlar,dshovlar2r@nifty.com,Male,Bekasi,Indonesia
101,Nita,Mulvenna,nmulvenna2s@guardian.co.uk,Female,Tangchi,China
102,Cindee,Okroy,cokroy2t@amazon.com,Female,Torsås,Sweden
103,Susie,Exroll,sexroll2u@bloglines.com,Female,Stratónion,Greece
104,Antonio,Barehead,abarehead2v@scientificamerican.com,Male,Tchaourou,Benin
105,Wren,Collington,wcollington2w@biglobe.ne.jp,Female,Situsari,Indonesia
106,Ottilie,Vlasov,ovlasov2x@dyndns.org,Female,Monte Plata,Dominican Republic
107,Hervey,Flewitt,hflewitt2y@fastcompany.com,Male,Nanniu,China
108,Chrisse,Barszczewski,cbarszczewski2z@hibu.com,Male,Fengle,China
109,Beverie,Garret,bgarret30@ftc.gov,Female,Doubrava,Czech Republic
110,Shep,Bebbington,sbebbington31@pbs.org,Male,Aco,Peru
111,Elton,Cowdery,ecowdery32@nba.com,Male,Potchefstroom,South Africa
112,Eduino,Athowe,eathowe33@arizona.edu,Male,Rincón,Dominican Republic
113,Dougie,Monkley,dmonkley34@imdb.com,Male,Žirovnica,Slovenia
114,Zulema,Kilbee,zkilbee35@mlb.com,Female,Candelaria,Colombia
115,Devland,Newis,dnewis36@ebay.com,Male,Shijie,China
116,Sidnee,Winchurst,swinchurst37@liveinternet.ru,Male,Chenzhouzhai,China
117,Deeanne,Baselio,dbaselio38@miitbeian.gov.cn,Female,Salantai,Lithuania
118,Claus,Baldin,cbaldin39@foxnews.com,Male,Wantian,China
119,Conrad,Beddall,cbeddall3a@wsj.com,Male,Rauma,Finland
120,Luis,Vann,lvann3b@nifty.com,Male,Cagdianao,Philippines
121,Annabell,Vaney,avaney3c@eepurl.com,Female,Handegate,China
122,Holt,Rayson,hrayson3d@psu.edu,Male,Xinglongchang,China
123,Shandra,Jesson,sjesson3e@dell.com,Female,Santa Fe,United States
124,Luz,de Keyser,ldekeyser3f@sohu.com,Female,Thị Trấn Quảng Uyên,Vietnam
125,Maribel,Camm,mcamm3g@multiply.com,Female,Al ‘Āqir,Yemen
126,Beatrice,Scrogges,bscrogges3h@kickstarter.com,Female,Las Flores,Mexico
127,Pall,Noquet,pnoquet3i@networkadvertising.org,Male,Hoani,Comoros
128,Chiquia,Firmin,cfirmin3j@addthis.com,Female,Vyshneve,Ukraine
129,Isabelle,Skarman,iskarman3k@booking.com,Female,Shatou,China
130,Miof mela,Hopkynson,mhopkynson3l@toplist.cz,Female,Międzyzdroje,Poland
131,Robinson,Woollends,rwoollends3m@pbs.org,Male,Mosrentgen,Russia
132,Edwina,Boustred,eboustred3n@nature.com,Female,Huayuan,China
133,Darcee,Broady,dbroady3o@ft.com,Female,Guancheng,China
134,Ermanno,Marushak,emarushak3p@bravesites.com,Male,Bayan,Indonesia
135,Tabina,Give,tgive3q@cam.ac.uk,Female,Kryva Hora,Ukraine
136,Wood,Krollman,wkrollman3r@indiatimes.com,Male,Tsimkavichy,Belarus
137,Trever,Tooze,ttooze3s@jalbum.net,Male,Rahayu Dua,Indonesia
138,Balduin,Marwood,bmarwood3t@typepad.com,Male,Sainte-Anne-des-Plaines,Canada
139,Hildagard,Croker,hcroker3u@hatena.ne.jp,Female,Lhasa,China
140,Hieronymus,Kimbrey,hkimbrey3v@weebly.com,Male,Robonkon,Philippines
141,Spence,Meechan,smeechan3w@tripod.com,Male,Toledo,United States
142,Lanny,Windrass,lwindrass3x@dailymail.co.uk,Female,Santana do Livramento,Brazil
143,Efrem,De Mico,edemico3y@google.com.hk,Male,Paccho,Peru
144,Lucky,Jancik,ljancik3z@spiegel.de,Female,"Palmas De Gran Canaria, Las",Spain
145,Chloette,Peattie,cpeattie40@google.ca,Female,Yaguarón,Paraguay
146,Jillie,Frantzen,jfrantzen41@mail.ru,Female,Frösön,Sweden
147,York,Churchyard,ychurchyard42@ning.com,Male,San Francisco,United States
148,Ben,Camilli,bcamilli43@nationalgeographic.com,Male,Halimaung Jaya (F-3),Indonesia
149,Dareen,Casin,dcasin44@drupal.org,Female,Ivanec,Croatia
150,Lisa,Blyth,lblyth45@senate.gov,Female,Lokuuy,Indonesia
151,Gill,Coldwell,gcoldwell46@shinystat.com,Female,Billings,United States
152,Trixie,Hacquoil,thacquoil47@digg.com,Female,Al Ghāriyah,Syria
153,Dacie,Wilcocks,dwilcocks48@ow.ly,Female,Chazón,Argentina
154,Kessiah,Cruden,kcruden49@domainmarket.com,Female,Lugang,China
155,Evelyn,Schoenfisch,eschoenfisch4a@instagram.com,Male,Obihiro,Japan
156,Vanessa,Creasy,vcreasy4b@msu.edu,Female,Ban Mai,Thailand
157,Danila,Depper,ddepper4c@miibeian.gov.cn,Female,Al Buq‘ah,Palestinian Territory
158,Arlen,Harrower,aharrower4d@godaddy.com,Male,Mexico,Philippines
159,Kiersten,Koomar,kkoomar4e@bloglovin.com,Female,Ijūin,Japan
160,Janis,Learoyde,jlearoyde4f@jimdo.com,Female,Frederiksberg,Denmark
161,Yoshiko,Wiggington,ywiggington4g@walmart.com,Female,Pavlovsk,Russia
162,Dulcy,Cucuzza,dcucuzza4h@webnode.com,Female,Xiaofayi,China
163,Teddie,Hambric,thambric4i@chronoengine.com,Male,Paris 13,France
164,Drusilla,Tabart,dtabart4j@t.co,Female,Tenkodogo,Burkina Faso
165,Ashlen,Dupree,adupree4k@foxnews.com,Female,Loznitsa,Bulgaria
166,Gerardo,Bury,gbury4l@sohu.com,Male,Bang Len,Thailand
167,Giffie,Balaizot,gbalaizot4m@utexas.edu,Male,Tcholliré,Cameroon
168,Ferdinanda,Gladden,fgladden4n@go.com,Female,Cachoeiras de Macacu,Brazil
169,Rube,Dickerline,rdickerline4o@merriam-webster.com,Male,Aubenas,France
170,Latashia,Phetteplace,lphetteplace4p@diigo.com,Female,Lacabamba,Peru
171,Briant,Mingard,bmingard4q@about.com,Male,Hluboká nad Vltavou,Czech Republic
172,Clem,Catteroll,ccatteroll4r@dot.gov,Female,Heřmanův Městec,Czech Republic
173,Sheeree,Smeal,ssmeal4s@ovh.net,Female,Demuk,Indonesia
174,Antonetta,Christol,achristol4t@marriott.com,Female,Postoloprty,Czech Republic
175,Percy,O'Hartagan,pohartagan4u@tamu.edu,Male,Vysokogornyy,Russia
176,Keane,Dodridge,kdodridge4v@hibu.com,Male,Ponta do Sol,Cape Verde
177,Tye,Willcocks,twillcocks4w@istockphoto.com,Male,Pilar do Sul,Brazil
178,Harris,Fayne,hfayne4x@squidoo.com,Male,Bueng Kan,Thailand
179,Julian,Gelletly,jgelletly4y@webmd.com,Male,Gandorhun,Sierra Leone
180,Bengt,Frid,bfrid4z@parallels.com,Male,Bajawa,Indonesia
181,Orrin,Chuter,ochuter50@mediafire.com,Male,Seixo Alvo,Portugal
182,Fanechka,Allibone,fallibone51@t.co,Female,Sarankhola,Bangladesh
183,Alain,Shorte,ashorte52@bing.com,Male,Mionica,Bosnia and Herzegovina
184,Link,Tevelov,ltevelov53@exblog.jp,Male,Iroquois Falls,Canada
185,Jessamyn,McGriele,jmcgriele54@berkeley.edu,Female,Văn Điển,Vietnam
186,Ezequiel,Lebang,elebang55@google.nl,Male,Cifuentes,Cuba
187,Brooks,Mountfort,bmountfort56@reddit.com,Female,La Playosa,Argentina
188,Kinsley,Genthner,kgenthner57@washingtonpost.com,Male,Gurupi,Brazil
189,Carole,Ashcroft,cashcroft58@ted.com,Female,Phayakkhaphum Phisai,Thailand
190,Port,Cason,pcason59@artisteer.com,Male,Yingpu,China
191,Mehetabel,Oakley,moakley5a@army.mil,Female,Tamaulipas,Mexico
192,Jerry,Lively,jlively5b@youku.com,Female,Pantalowice,Poland
193,Erhart,Seymour,eseymour5c@usnews.com,Male,Cusapín,Panama
194,Si,Costard,scostard5d@timesonline.co.uk,Male,Cruz Alta,Brazil
195,Edita,Josowitz,ejosowitz5e@imdb.com,Female,Cái Dầu,Vietnam
196,Bonny,Fulk,bfulk5f@sina.com.cn,Female,Daojiang,China
197,Siouxie,Pattingson,spattingson5g@shinystat.com,Female,Cibojong,Indonesia
198,Goraud,De'Vere - Hunt,gdeverehunt5h@diigo.com,Male,Anxiang,China
199,Will,Franklyn,wfranklyn5i@parallels.com,Male,Iwaki,Japan
200,Viole,Loweth,vloweth5j@nydailynews.com,Female,Mozhaysk,Russia
201,Alair,Eick,aeick5k@theglobeandmail.com,Male,Srednebelaya,Russia
202,Adler,McInerney,amcinerney5l@mashable.com,Male,San Juan,Philippines
203,Ginger,Mapham,gmapham5m@redcross.org,Male,Aki,Japan
204,Celle,Dinley,cdinley5n@instagram.com,Female,Smidary,Czech Republic
205,Amandy,Castagneto,acastagneto5o@de.vu,Female,Novoanninskiy,Russia
206,Nicoli,Niess,nniess5p@google.it,Female,Sumberagung,Indonesia
207,Alena,Laugharne,alaugharne5q@yelp.com,Female,Santa Teresa,Philippines
208,Giustina,Clearley,gclearley5r@dmoz.org,Female,Boise,United States
209,Dennie,Blei,dblei5s@canalblog.com,Male,Las Vegas,United States
210,Ambur,Fursse,afursse5t@vk.com,Female,Aryiropoúlion,Greece
211,Crystie,Brader,cbrader5u@dyndns.org,Female,Cesvaine,Latvia
212,Korella,Bumpus,kbumpus5v@canalblog.com,Female,Baumata,Indonesia
213,Elaine,Quig,equig5w@opensource.org,Female,Sułkowice,Poland
214,Birdie,Caccavale,bcaccavale5x@buzzfeed.com,Female,Rudong,China
215,Sheba,Scardifeild,sscardifeild5y@hexun.com,Female,Dahu,Indonesia
216,Valma,Adam,vadam5z@marketwatch.com,Female,Žatec,Czech Republic
217,Dylan,Mauro,dmauro60@rambler.ru,Male,Kofelē,Ethiopia
218,Sylvester,Isaacs,sisaacs61@wiley.com,Male,Sukoanyar,Indonesia
219,Casper,Bernhardi,cbernhardi62@wunderground.com,Male,Waco,United States
220,Normy,Shimuk,nshimuk63@msn.com,Male,Wulijie,China
221,Gherardo,McColm,gmccolm64@admin.ch,Male,Veltruby,Czech Republic
222,Dominic,Wardle,dwardle65@wp.com,Male,Vaitogi,American Samoa
223,Allx,Hairyes,ahairyes66@amazon.co.uk,Female,Salinas,Ecuador
224,Courtney,Mannock,cmannock67@ihg.com,Female,Balad,Iraq
225,Trev,Worsalls,tworsalls68@addtoany.com,Male,Strážnice,Czech Republic
226,Emmy,Mackneis,emackneis69@bloglovin.com,Male,Mogok,Myanmar
227,Leisha,Rounce,lrounce6a@blogspot.com,Female,Kuala Terengganu,Malaysia
228,Teador,Pieche,tpieche6b@economist.com,Male,Damnoen Saduak,Thailand
229,Araldo,Josef,ajosef6c@marriott.com,Male,Now Zād,Afghanistan
230,Gussy,Kneel,gkneel6d@weather.com,Female,Tanglag,China
231,Katie,Jee,kjee6e@wired.com,Female,Přimda,Czech Republic
232,Stanwood,Hubery,shubery6f@miibeian.gov.cn,Male,Kota Bharu,Malaysia
233,Estevan,Bainbrigge,ebainbrigge6g@unc.edu,Male,Pingpo,China
234,Pat,Berzins,pberzins6h@technorati.com,Female,Tagum,Philippines
235,Melisande,Overil,moveril6i@go.com,Female,Helie,China
236,Jojo,Jerram,jjerram6j@google.ru,Female,Zbąszyń,Poland
237,Sharline,Fidal,sfidal6k@howstuffworks.com,Female,Jinshan,China
238,Dolf,Assante,dassante6l@studiopress.com,Male,Hezheng Chengguanzhen,China
239,Annis,Kingsbury,akingsbury6m@dailymotion.com,Female,Międzyrzecz,Poland
240,Ely,Bowcock,ebowcock6n@soup.io,Male,São Tomé,Portugal
241,Eada,Pershouse,epershouse6o@freewebs.com,Female,Vale de Figueira,Portugal
242,Gustaf,Pouton,gpouton6p@moonfruit.com,Male,Storuman,Sweden
243,Ferrel,Nijssen,fnijssen6q@ucoz.com,Male,Sokol,Russia
244,Perice,Avraam,pavraam6r@ehow.com,Male,Viljakkala,Finland
245,Aldo,Ketchen,aketchen6s@timesonline.co.uk,Male,Quankou,China
246,Shirline,Butfield,sbutfield6t@mtv.com,Female,Carhuamayo,Peru
247,Valaree,Colleran,vcolleran6u@state.gov,Female,Qiaotou,China
248,Lynna,Tzarkov,ltzarkov6v@msn.com,Female,Shahumyan,Armenia
249,Alister,Adnam,aadnam6w@so-net.ne.jp,Male,Matara,Sri Lanka
250,Jessalyn,Littlefair,jlittlefair6x@walmart.com,Female,Jabłonowo Pomorskie,Poland
251,Dilly,Bartley,dbartley6y@theguardian.com,Male,Washington,United States
252,Hasty,Boddis,hboddis6z@unicef.org,Male,Pinhão,Brazil
253,Mora,Witcher,mwitcher70@de.vu,Female,Tobelo,Indonesia
254,Mei,McMorland,mmcmorland71@thetimes.co.uk,Female,Pianling,China
255,Darla,Brimman,dbrimman72@biblegateway.com,Female,Bantarsari Kulon,Indonesia
256,Weylin,Matuszynski,wmatuszynski73@hugedomains.com,Male,Baixi,China
257,Nil,Cicchitello,ncicchitello74@gizmodo.com,Male,Monte Alegre,Brazil
258,Gar,Fierro,gfierro75@tinyurl.com,Male,Mostovskoy,Russia
259,Shelton,Ahren,sahren76@acquirethisname.com,Male,Yanai,Japan
260,Lauren,Petrichat,lpetrichat77@unblog.fr,Female,Andongwei,China
261,Minny,Gilluley,mgilluley78@prnewswire.com,Female,Gualeguaychú,Argentina
262,Walther,Steagall,wsteagall79@usda.gov,Male,Medang,Indonesia
263,Fax,Brearley,fbrearley7a@craigslist.org,Male,Pirapozinho,Brazil
264,Baillie,Linbohm,blinbohm7b@fda.gov,Male,Narsaq,Greenland
265,Monte,Hayward,mhayward7c@imdb.com,Male,Tsimkavichy,Belarus
266,Shaw,Feveryear,sfeveryear7d@telegraph.co.uk,Male,Limeil-Brévannes,France
267,Cornela,Bernaldo,cbernaldo7e@state.tx.us,Female,Vilar do Monte,Portugal
268,Jamaal,Farfalameev,jfarfalameev7f@github.io,Male,Ursynów,Poland
269,Mirna,Donne,mdonne7g@printfriendly.com,Female,Kyperoúnta,Cyprus
270,Tanhya,Magarrell,tmagarrell7h@nasa.gov,Female,Salamwates,Indonesia
271,Benedetta,Rusbridge,brusbridge7i@miibeian.gov.cn,Female,Sinyavino,Russia
272,Gloriane,Balmann,gbalmann7j@newsvine.com,Female,Muaralembu,Indonesia
273,Leontine,Rentalll,lrentalll7k@fema.gov,Female,Shulan,China
274,Judy,Collishaw,jcollishaw7l@sciencedirect.com,Female,Sayyān,Yemen
275,Devin,Severns,dseverns7m@whitehouse.gov,Male,Houndé,Burkina Faso
276,Leonard,Harden,lharden7n@wunderground.com,Male,Ngã Bảy,Vietnam
277,Jillian,Kenworthey,jkenworthey7o@1688.com,Female,Yabēlo,Ethiopia
278,Min,Allder,mallder7p@skype.com,Female,Grygov,Czech Republic
279,Angelle,Ruppele,aruppele7q@springer.com,Female,Ipubi,Brazil
280,Taite,Belbin,tbelbin7r@homestead.com,Male,Chengyang,China
281,Dione,Dyball,ddyball7s@theguardian.com,Female,Hongyanxi,China
282,Florance,Linzee,flinzee7t@ameblo.jp,Female,Shanglian,China
283,Junina,Godsell,jgodsell7u@twitter.com,Female,Stockholm,Sweden
284,Othella,Southgate,osouthgate7v@latimes.com,Female,Árgos,Greece
285,Gallard,Egre,gegre7w@fc2.com,Male,Datar,Indonesia
286,Harley,Cutsforth,hcutsforth7x@so-net.ne.jp,Male,Ulbroka,Latvia
287,Hadria,Torns,htorns7y@bloglovin.com,Female,Suure-Jaani,Estonia
288,Wendye,Welton,wwelton7z@cpanel.net,Female,Sindangsari,Indonesia
289,Mycah,Gerriessen,mgerriessen80@nhs.uk,Male,Chenggang,China
290,Gerianne,Ceaplen,gceaplen81@apache.org,Female,Fais,Micronesia
291,Francesco,Jowsey,fjowsey82@youtube.com,Male,Muaralembu,Indonesia
292,Sanders,Hinder,shinder83@51.la,Male,Wuluo,China
293,Jonie,Ferrarin,jferrarin84@springer.com,Female,Bangker,Indonesia
294,Even,Gipson,egipson85@arizona.edu,Male,Maştağa,Azerbaijan
295,Jessa,Joye,jjoye86@usda.gov,Female,Safonovo,Russia
296,Bryan,Eastbrook,beastbrook87@tripadvisor.com,Male,Naivasha,Kenya
297,Sven,Olle,solle88@dion.ne.jp,Male,Semalang,Indonesia
298,Melantha,Hollingdale,mhollingdale89@macromedia.com,Female,Bayan,Mongolia
299,Clim,Chevis,cchevis8a@tripod.com,Male,Troyes,France
300,Efrem,O'Malley,eomalley8b@feedburner.com,Male,Roanoke,United States
301,Sandor,Gunn,sgunn8c@statcounter.com,Male,Sukamulya,Indonesia
302,Cecil,Whittier,cwhittier8d@fastcompany.com,Female,Kembangkerang Lauk Timur,Indonesia
303,Morry,Gabby,mgabby8e@shutterfly.com,Male,Pragen Selatan,Indonesia
304,Alistair,Sankey,asankey8f@indiatimes.com,Male,Abha,Saudi Arabia
305,Irwin,Cammomile,icammomile8g@seattletimes.com,Male,Lālmohan,Bangladesh
306,Vin,Berrington,vberrington8h@nydailynews.com,Male,London,United Kingdom
307,Lavinie,Beeble,lbeeble8i@github.com,Female,Ivanishchi,Russia
308,Abdul,Rodd,arodd8j@flickr.com,Male,Qingshan,China
309,Berty,Osant,bosant8k@omniture.com,Male,Tatabánya,Hungary
310,Alexei,Causby,acausby8l@photobucket.com,Male,Hod HaSharon,Israel
311,Dale,Doogood,ddoogood8m@wiley.com,Male,Chinchaypujio,Peru
312,Malvin,Olivelli,molivelli8n@bbc.co.uk,Male,Koblain,Indonesia
313,Lidia,Cardno,lcardno8o@hibu.com,Female,Lobuk,Indonesia
314,Zebulen,Bage,zbage8p@gravatar.com,Male,Neiguan,China
315,Lari,Domico,ldomico8q@ca.gov,Female,Hongchang,China
316,Maisey,Grigorio,mgrigorio8r@sphinn.com,Female,Sakaidechō,Japan
317,Poppy,Lapsley,plapsley8s@chron.com,Female,Khoroshëvo-Mnevniki,Russia
318,Drake,Danes,ddanes8t@tripod.com,Male,Babat,Indonesia
319,Ritchie,de Grey,rdegrey8u@cdc.gov,Male,Xinglong,China
320,Catherina,Bagster,cbagster8v@g.co,Female,Qalyūb,Egypt
321,Henderson,Sherar,hsherar8w@prnewswire.com,Male,Piracuruca,Brazil
322,Anallise,Noonan,anoonan8x@time.com,Female,Carice,Haiti
323,Pearle,Johncey,pjohncey8y@yellowbook.com,Female,Heung-hai,South Korea
324,Bobbee,Piddington,bpiddington8z@google.com,Female,Los Lotes,Panama
325,Dave,Gutans,dgutans90@prweb.com,Male,Baiquan,China
326,Charlotte,Vane,cvane91@chron.com,Female,Shijing,China
327,Onfroi,McPolin,omcpolin92@wunderground.com,Male,São José do Rio Preto,Brazil
328,Xenia,Janjusevic,xjanjusevic93@dailymotion.com,Female,La Motte-Servolex,France
329,Alia,O'Glassane,aoglassane94@stumbleupon.com,Female,Puno,Peru
330,Katie,Gauch,kgauch95@samsung.com,Female,Washington,United States
331,Agnesse,Schurcke,aschurcke96@hud.gov,Female,Rio Pardo,Brazil
332,Susannah,Caldecutt,scaldecutt97@canalblog.com,Female,Gaoqiu,China
333,Giovanni,Snowdon,gsnowdon98@1688.com,Male,Aksu,Kazakhstan
334,Terrel,Jarritt,tjarritt99@stumbleupon.com,Male,Margate,South Africa
335,Garrot,Colomb,gcolomb9a@apple.com,Male,Pyhäsalmi,Finland
336,Cecelia,Phebey,cphebey9b@cam.ac.uk,Female,Qiaodi,China
337,Pen,Brekonridge,pbrekonridge9c@guardian.co.uk,Female,Betong,Thailand
338,Ingelbert,Bednall,ibednall9d@foxnews.com,Male,Gandu,Indonesia
339,Filberto,Lowndes,flowndes9e@weather.com,Male,Pateros,Philippines
340,Kellen,Dash,kdash9f@cornell.edu,Male,Sáchica,Colombia
341,Mateo,O'Shiel,moshiel9g@tmall.com,Male,Mae Hi,Thailand
342,Benedikt,Shakle,bshakle9h@printfriendly.com,Male,Jinshan,China
343,Mickie,Weitzel,mweitzel9i@w3.org,Female,Omoku,Nigeria
344,Mikael,Berriball,mberriball9j@indiatimes.com,Male,Macieira de Rates,Portugal
345,Celestia,Waeland,cwaeland9k@chronoengine.com,Female,Tumba,China
346,Daniella,Faulkner,dfaulkner9l@usda.gov,Female,Le Blanc-Mesnil,France
347,Anna-maria,Cranmere,acranmere9m@facebook.com,Female,Dingyan,China
348,Consuelo,Bonney,cbonney9n@a8.net,Female,Montague,Canada
349,Hyacinth,Balazs,hbalazs9o@home.pl,Female,Gýtheio,Greece
350,Sherwin,Burkinshaw,sburkinshaw9p@creativecommons.org,Male,Duyên Hải,Vietnam
351,Appolonia,Genny,agenny9q@slashdot.org,Female,Kibiya,Nigeria
352,Ragnar,Errichi,rerrichi9r@indiatimes.com,Male,Dindima,Nigeria
353,Farand,Skahill,fskahill9s@google.cn,Female,Vilares,Portugal
354,Debora,Cristofaro,dcristofaro9t@bloglovin.com,Female,Socorro,Brazil
355,Candi,Minifie,cminifie9u@goo.gl,Female,Fazhan,China
356,Toddie,Maudlen,tmaudlen9v@stanford.edu,Male,Inírida,Colombia
357,Alanna,Swire,aswire9w@xrea.com,Female,Maragogipe,Brazil
358,Hastie,Curtain,hcurtain9x@yellowpages.com,Male,Grecheskoye,Russia
359,Nadean,Clement,nclement9y@ca.gov,Female,Milano,Italy
360,Cicely,Stilling,cstilling9z@prnewswire.com,Female,San Francisco de Coray,Honduras
361,Winston,Oglevie,wogleviea0@example.com,Male,Jakubowice Murowane,Poland
362,Nobe,Yglesias,nyglesiasa1@oaic.gov.au,Male,Gýtheio,Greece
363,Keven,Watting,kwattinga2@alexa.com,Male,San Jose,Philippines
364,Odella,Ponten,opontena3@blinklist.com,Female,San Carlos,Colombia
365,Peder,Tibalt,ptibalta4@livejournal.com,Male,Tonjongsari,Indonesia
366,Madelyn,Muckart,mmuckarta5@mac.com,Female,Saint-Ouen,France
367,Celestine,Gress,cgressa6@illinois.edu,Female,Dongbei,China
368,Kalindi,Free,kfreea7@admin.ch,Female,Podivín,Czech Republic
369,Ellene,Karlowicz,ekarlowicza8@jigsy.com,Female,Cibunar,Indonesia
370,Lyndel,Novello,lnovelloa9@bandcamp.com,Female,San Agustin,Philippines
371,Evanne,Berzen,eberzenaa@mlb.com,Female,Pasembon,Indonesia
372,Paddie,Blacker,pblackerab@pbs.org,Male,Cayenne,French Guiana
373,Cassondra,Belli,cbelliac@biblegateway.com,Female,Rinconada,Argentina
374,Lesya,Domenget,ldomengetad@examiner.com,Female,Trucuk,Indonesia
375,Milly,Daysh,mdayshae@devhub.com,Female,Chita,Russia
376,Rayshell,Ridder,rridderaf@icq.com,Female,La Luz,Venezuela
377,Zelda,Salsberg,zsalsbergag@moonfruit.com,Female,Maceió,Brazil
378,Evin,Cone,econeah@narod.ru,Male,Dingcheng,China
379,Juliana,Bourgourd,jbourgourdai@aboutads.info,Female,Victoria,Philippines
380,Sapphira,Eate,seateaj@storify.com,Female,Imari,Japan
381,Estelle,Shears,eshearsak@ovh.net,Female,Cibogo,Indonesia
382,Donni,Marmon,dmarmonal@symantec.com,Female,Chibuto,Mozambique
383,Brian,Downe,bdowneam@cpanel.net,Male,Lillers,France
384,Mindy,Castledine,mcastledinean@icio.us,Female,Bang Sai,Thailand
385,Huntley,Windus,hwindusao@weibo.com,Male,Oakland,United States
386,Darin,Yezafovich,dyezafovichap@webnode.com,Male,Puerto Mayor Otaño,Paraguay
387,Sarine,Easterbrook,seasterbrookaq@gizmodo.com,Female,Binhailu,China
388,Torrie,Jeffree,tjeffreear@mysql.com,Female,Jiantou,China
389,Lee,Itzkovici,litzkovicias@desdev.cn,Male,Kirovohrad,Ukraine
390,Karoly,Spaule,kspauleat@walmart.com,Female,Sbo’o,Indonesia
391,Willie,Silverton,wsilvertonau@theglobeandmail.com,Female,Kruševo,Croatia
392,Welsh,Piatto,wpiattoav@opensource.org,Male,Youxi,China
393,Hercules,Tremontana,htremontanaaw@facebook.com,Male,Donji Vakuf,Bosnia and Herzegovina
394,Rabbi,O'Mannion,romannionax@hostgator.com,Male,Skärholmen,Sweden
395,Templeton,Yoslowitz,tyoslowitzay@google.co.uk,Male,Los Santos,Panama
396,Rhody,Hrynczyk,rhrynczykaz@ebay.co.uk,Female,Farnham,Canada
397,Didi,Valeri,dvalerib0@smugmug.com,Female,Lazaro Cardenas,Mexico
398,Samantha,Guisby,sguisbyb1@instagram.com,Female,Miyakonojō,Japan
399,Eb,Reavell,ereavellb2@tmall.com,Male,Khadyzhensk,Russia
400,Finley,Murtell,fmurtellb3@cdbaby.com,Male,Mikulovice,Czech Republic
401,Kyle,Maddin,kmaddinb4@usnews.com,Female,Mrzezino,Poland
402,Evita,Gwilliam,egwilliamb5@deviantart.com,Female,Prokhorovka,Russia
403,Mollie,Betho,mbethob6@ca.gov,Female,Dębnica Kaszubska,Poland
404,Saleem,Calafato,scalafatob7@examiner.com,Male,Owerri,Nigeria
405,Leelah,Morsley,lmorsleyb8@blogtalkradio.com,Female,Kujung,Indonesia
406,Bank,Taplin,btaplinb9@a8.net,Male,Subulussalam,Indonesia
407,Mickey,Cabedo,mcabedoba@seesaa.net,Male,Guishan,China
408,Alec,Colbron,acolbronbb@miibeian.gov.cn,Male,Wirral,United Kingdom
409,Emmalee,Doret,edoretbc@acquirethisname.com,Female,Janowice,Poland
410,Katti,Betjeman,kbetjemanbd@netlog.com,Female,Tours,France
411,Hiram,Kiossel,hkiosselbe@biglobe.ne.jp,Male,Khrebtovaya,Russia
412,Paquito,Rude,prudebf@sun.com,Male,Bairro de Santo António,Portugal
413,Waly,Evensden,wevensdenbg@rakuten.co.jp,Female,Tomilino,Russia
414,Korry,Pridie,kpridiebh@sourceforge.net,Female,Dazhan,China
415,Pris,Gallardo,pgallardobi@dion.ne.jp,Female,Uglich,Russia
416,Barty,Block,bblockbj@toplist.cz,Male,Iwase,Japan
417,Beltran,Eddleston,beddlestonbk@state.gov,Male,Huaxijie,China
418,Oralee,Wraxall,owraxallbl@wikimedia.org,Female,Além do Rio,Portugal
419,Estell,Caurah,ecaurahbm@sohu.com,Female,Minusinsk,Russia
420,Cad,McVee,cmcveebn@businessweek.com,Male,Camatagua,Venezuela
421,Garrik,Brazener,gbrazenerbo@bloomberg.com,Male,Capellanía,Panama
422,Mercy,Cutler,mcutlerbp@wordpress.com,Female,Dedza,Malawi
423,Aharon,Pavel,apavelbq@marriott.com,Male,Kinnegad,Ireland
424,Peter,Lakeman,plakemanbr@bloglines.com,Male,Temara,Morocco
425,Amara,Manginot,amanginotbs@senate.gov,Female,Sebuku,Indonesia
426,Teresita,Dailly,tdaillybt@cmu.edu,Female,Vejprnice,Czech Republic
427,Reinhold,McGray,rmcgraybu@ucoz.com,Male,Ресен,Macedonia
428,Glenn,Turban,gturbanbv@toplist.cz,Female,Ōhara,Japan
429,Hilly,Chree,hchreebw@amazon.com,Male,Poções,Brazil
430,Clemmy,Shawl,cshawlbx@creativecommons.org,Male,Begejci,Serbia
431,Weber,Ayshford,wayshfordby@ed.gov,Male,Ash Shaddādah,Syria
432,Yurik,Couser,ycouserbz@yahoo.co.jp,Male,Itō,Japan
433,Sapphire,Grigorio,sgrigorioc0@illinois.edu,Female,Lasi Dua,Indonesia
434,Blancha,Rosellini,brosellinic1@google.pl,Female,Verin Artashat,Armenia
435,Olav,Dowse,odowsec2@a8.net,Male,Bongbong,Indonesia
436,Idette,Kiggel,ikiggelc3@de.vu,Female,Irosin,Philippines
437,Martin,Chesman,mchesmanc4@privacy.gov.au,Male,Manticao,Philippines
438,Ricky,Matiebe,rmatiebec5@cpanel.net,Male,Dobra,Poland
439,Jody,Binfield,jbinfieldc6@comcast.net,Male,Caqu,China
440,Nye,Vescovo,nvescovoc7@un.org,Male,Lidingö,Sweden
441,Marysa,Sundin,msundinc8@simplemachines.org,Female,Tizguine,Morocco
442,Mariel,Dykes,mdykesc9@uol.com.br,Female,Bailadores,Venezuela
443,Zelig,Levine,zlevineca@indiatimes.com,Male,Skuodas,Lithuania
444,Kordula,Entwisle,kentwislecb@yahoo.com,Female,Tatebayashi,Japan
445,Tamiko,Steagall,tsteagallcc@smugmug.com,Female,Xiejiatan,China
446,Fancie,Leonida,fleonidacd@hud.gov,Female,Bétérou,Benin
447,Katina,Vivians,kviviansce@dropbox.com,Female,Kota Kinabalu,Malaysia
448,Charlton,Cocking,ccockingcf@blinklist.com,Male,Jiangkou,China
449,Galen,Winslett,gwinslettcg@imgur.com,Male,Campoverde,Peru
450,Gerrilee,Keyson,gkeysonch@prnewswire.com,Female,Cayang,Philippines
451,Rachael,Allington,rallingtonci@nsw.gov.au,Female,Ushuaia,Argentina
452,Samaria,Murrey,smurreycj@time.com,Female,Rongxing,China
453,Penny,Preto,ppretock@apache.org,Male,Proletarskiy,Russia
454,Babb,Aspinwall,baspinwallcl@goodreads.com,Female,Ciilat,Indonesia
455,Leena,Farncombe,lfarncombecm@merriam-webster.com,Female,Bolilao,Philippines
456,Rhett,Ziehms,rziehmscn@example.com,Male,Zhoutou,China
457,Ariel,Louiset,alouisetco@domainmarket.com,Male,Chynów,Poland
458,Leonerd,Hatrey,lhatreycp@msu.edu,Male,Zongluzui,China
459,Doria,Weagener,dweagenercq@barnesandnoble.com,Female,Kungshamn,Sweden
460,Shauna,Mickan,smickancr@furl.net,Female,Stockholm,Sweden
461,Bertram,Rapi,brapics@yellowbook.com,Male,Oslo,Norway
462,Kelly,Neylan,kneylanct@unblog.fr,Female,Mogi Guaçu,Brazil
463,Debby,Chivrall,dchivrallcu@angelfire.com,Female,Guifões,Portugal
464,Anabelle,Measures,ameasurescv@etsy.com,Female,Birštonas,Lithuania
465,Addie,Oley,aoleycw@gov.uk,Female,Velestíno,Greece
466,Colan,Jerred,cjerredcx@telegraph.co.uk,Male,Lewotukan,Indonesia
467,Christin,Hudspeth,chudspethcy@mit.edu,Female,Mierzęcice,Poland
468,Berkley,Ierland,bierlandcz@blogspot.com,Male,Tigpalay,Philippines
469,Hastings,Blesing,hblesingd0@google.com.au,Male,Spirit River,Canada
470,Walt,Durban,wdurband1@friendfeed.com,Male,Chatturat,Thailand
471,Ertha,Poschel,eposcheld2@omniture.com,Female,Xingbin,China
472,Hugibert,Jameson,hjamesond3@moonfruit.com,Male,Cabanaconde,Peru
473,Cymbre,O'Keevan,cokeevand4@home.pl,Female,Amsterdam,Netherlands
474,Birch,Gillfillan,bgillfilland5@blogspot.com,Male,Xieshui,China
475,Dewie,Macconachy,dmacconachyd6@desdev.cn,Male,Sison,Philippines
476,Leanor,Crease,lcreased7@prweb.com,Female,Gajah,Indonesia
477,Allie,Carine,acarined8@live.com,Male,Yiánnouli,Greece
478,Eric,Thowless,ethowlessd9@plala.or.jp,Male,Panite,Indonesia
479,Ginny,Dain,gdainda@youku.com,Female,Baturinggit Kaja,Indonesia
480,Dani,Eger,degerdb@mtv.com,Male,Gubat,Philippines
481,Thorny,Elgie,telgiedc@google.cn,Male,Zoumi,Morocco
482,Junia,Gorioli,jgoriolidd@goo.gl,Female,Wręczyca Wielka,Poland
483,Tami,Idale,tidalede@homestead.com,Female,El Arañado,Argentina
484,Powell,Goshawke,pgoshawkedf@freewebs.com,Male,Kapan,Armenia
485,Baxy,Beaten,bbeatendg@networksolutions.com,Male,Mubi,Nigeria
486,Karena,Tremellier,ktremellierdh@nps.gov,Female,Martingança-Gare,Portugal
487,Reece,Silwood,rsilwooddi@huffingtonpost.com,Male,Lokot’,Russia
488,Arabel,Fortnon,afortnondj@ted.com,Female,Dhamār,Yemen
489,Etheline,Koomar,ekoomardk@newyorker.com,Female,Alupay,Philippines
490,Joseito,Adlington,jadlingtondl@discuz.net,Male,Xiazhai,China
491,Ingunna,Kees,ikeesdm@mtv.com,Female,Fatuhilik,Indonesia
492,Steve,Symcox,ssymcoxdn@skyrock.com,Male,Liběšice,Czech Republic
493,Tiphany,McCrory,tmccrorydo@mtv.com,Female,São Leopoldo,Brazil
494,Melitta,Sollett,msollettdp@boston.com,Female,Kronshtadt,Russia
495,Farleigh,Thynne,fthynnedq@cnbc.com,Male,Bograd,Russia
496,Spence,Cutmare,scutmaredr@imgur.com,Male,Molepolole,Botswana
497,Giusto,Anfosso,ganfossods@bizjournals.com,Male,Lokorae,Indonesia
498,Jarred,Fellgate,jfellgatedt@google.cn,Male,Bela-Bela,South Africa
499,Barn,Rickwood,brickwooddu@moonfruit.com,Male,Sibagat,Philippines
500,Ardelia,Kment,akmentdv@ebay.com,Female,Guazacapán,Guatemala
501,Tani,Aupol,taupoldw@biglobe.ne.jp,Female,Kotawaikabubak,Indonesia
502,Rennie,Poyner,rpoynerdx@princeton.edu,Female,Krông Kmar,Vietnam
503,Nikolos,Cockshutt,ncockshuttdy@techcrunch.com,Male,Saukkola,Finland
504,Aguste,Ortner,aortnerdz@globo.com,Male,Ouricuri,Brazil
505,Chelsey,McOwan,cmcowane0@pagesperso-orange.fr,Female,K’olīto,Ethiopia
506,Wells,Pickerell,wpickerelle1@fema.gov,Male,Fomento,Cuba
507,Rosita,Jeacop,rjeacope2@google.it,Female,Lalagsan,Philippines
508,Stormie,Collings,scollingse3@example.com,Female,Xinglin,China
509,Burg,Haldin,bhaldine4@photobucket.com,Male,Huayuan,China
510,Pearce,McVeigh,pmcveighe5@sourceforge.net,Male,Den Haag,Netherlands
511,Rhody,Rushford,rrushforde6@livejournal.com,Female,Dongzaogang,China
512,Sophey,Kamien,skamiene7@csmonitor.com,Female,Zhenshan,China
513,Eveline,Goman,egomane8@pbs.org,Female,Härnösand,Sweden
514,Nadiya,Chadwen,nchadwene9@fda.gov,Female,Bykhaw,Belarus
515,Sonni,Farrer,sfarrerea@indiegogo.com,Female,Tamanan,Indonesia
516,Guenevere,Friel,gfrieleb@opera.com,Female,Malusay,Philippines
517,Oren,Esposito,oespositoec@twitpic.com,Male,Wenxing,China
518,Maxine,Cromblehome,mcromblehomeed@mail.ru,Female,Ninomiya,Japan
519,Rossy,Sore,rsoreee@youku.com,Male,Martapura,Indonesia
520,Ervin,Penfold,epenfoldef@twitpic.com,Male,’Unābah,Afghanistan
521,Bastien,Di Biasi,bdibiasieg@howstuffworks.com,Male,Jiubao,China
522,Morlee,Veldman,mveldmaneh@businesswire.com,Male,Oematnunu,Indonesia
523,Esther,Briant,ebriantei@tiny.cc,Female,Caucete,Argentina
524,Odessa,Hunnam,ohunnamej@spotify.com,Female,Janes,Portugal
525,Marylee,Belliard,mbelliardek@amazon.com,Female,Kudinovo,Russia
526,Starlene,Livingston,slivingstonel@youku.com,Female,Sausa,Peru
527,Nomi,Ellwell,nellwellem@liveinternet.ru,Female,Tambo Grande,Peru
528,Brew,Husher,bhusheren@theguardian.com,Male,Songnim,North Korea
529,Fanya,Hallums,fhallumseo@slashdot.org,Female,Al Wardānīn,Tunisia
530,Rancell,Steen,rsteenep@yellowpages.com,Male,Makur,Micronesia
531,Gwendolin,Faughny,gfaughnyeq@virginia.edu,Female,Kuantan,Malaysia
532,Ellsworth,Fassbindler,efassbindlerer@ehow.com,Male,Daping,China
533,Yance,Lathom,ylathomes@phoca.cz,Male,Chantilly,France
534,Dorice,Kenn,dkennet@cmu.edu,Female,Góra,Poland
535,Willis,Ayers,wayerseu@sohu.com,Male,Ortigueira,Brazil
536,Lonny,Bloom,lbloomev@lulu.com,Male,Sindangsari,Indonesia
537,Wayne,Hawarden,whawardenew@guardian.co.uk,Male,Shuangxi,China
538,Dur,Cunniam,dcunniamex@purevolume.com,Male,San Diego,United States
539,Vittorio,Houlaghan,vhoulaghaney@icq.com,Male,Mulawato,Indonesia
540,Montague,Laffin,mlaffinez@sphinn.com,Male,Camagüey,Cuba
541,Cordy,Linnard,clinnardf0@hao123.com,Male,Dapuchaihe,China
542,Tana,Shortin,tshortinf1@cdbaby.com,Female,Caidian,China
543,Nanine,Penwarden,npenwardenf2@vkontakte.ru,Female,Yanmen,China
544,Dominga,Beardwood,dbeardwoodf3@photobucket.com,Female,Zgłobień,Poland
545,Etienne,Furlonge,efurlongef4@omniture.com,Male,Shaliu,China
546,Cairistiona,Rickerby,crickerbyf5@illinois.edu,Female,Quiaios,Portugal
547,Fax,Buddell,fbuddellf6@hp.com,Male,Pomerode,Brazil
548,Ignaz,Hardingham,ihardinghamf7@sogou.com,Male,Västerås,Sweden
549,Deny,Lumpkin,dlumpkinf8@ocn.ne.jp,Female,Krimpen aan den IJssel,Netherlands
550,Natale,Stares,nstaresf9@ifeng.com,Male,Olesno,Poland
551,Ilysa,Genike,igenikefa@bing.com,Female,Greytown,South Africa
552,Sibella,Barends,sbarendsfb@utexas.edu,Female,Glinojeck,Poland
553,Linea,Gorke,lgorkefc@storify.com,Female,Oqtosh,Uzbekistan
554,Sherlock,Bladder,sbladderfd@stanford.edu,Male,Sourotí,Greece
555,Starlin,Matejka,smatejkafe@constantcontact.com,Female,Ungaran,Indonesia
556,Dedra,Simionescu,dsimionescuff@moonfruit.com,Female,Kanekomachi,Japan
557,Nadia,Manuely,nmanuelyfg@jiathis.com,Female,Liuhuang,China
558,Junina,Ewin,jewinfh@bloglines.com,Female,Limbangan,Indonesia
559,Larry,Nutt,lnuttfi@ucoz.ru,Male,Tours,France
560,Chrotoem,Eckley,ceckleyfj@deviantart.com,Male,Bhawāna,Pakistan
561,Corny,Ashurst,cashurstfk@ezinearticles.com,Male,Leidian,China
562,Georgianna,Arundell,garundellfl@parallels.com,Female,Guandiping,China
563,Orazio,Woolfall,owoolfallfm@qq.com,Male,Radenković,Serbia
564,Bogey,Flippen,bflippenfn@wordpress.com,Male,Sagay,Philippines
565,Ina,Astles,iastlesfo@naver.com,Female,Shimen,China
566,Denyse,Lowensohn,dlowensohnfp@dell.com,Female,Tierra y Libertad,Mexico
567,Hayes,Millhouse,hmillhousefq@scribd.com,Male,Tangxi,China
568,Hubey,Mullally,hmullallyfr@goo.ne.jp,Male,Sanshan,China
569,Thorvald,McLurg,tmclurgfs@hostgator.com,Male,Semboropasar,Indonesia
570,Burr,Mintoff,bmintoffft@infoseek.co.jp,Male,Aheloy,Bulgaria
571,Martina,Clacey,mclaceyfu@whitehouse.gov,Female,Bazhu,China
572,Owen,Bemment,obemmentfv@mtv.com,Male,Sam Roi Yot,Thailand
573,Nelli,Ligoe,nligoefw@cnn.com,Female,El Zapote,Mexico
574,Dalis,Pottinger,dpottingerfx@google.it,Male,Assis,Brazil
575,Jenn,Aaronsohn,jaaronsohnfy@weather.com,Female,Tabug,Philippines
576,Brandea,Addionizio,baddioniziofz@cbc.ca,Female,Basarabeasca,Moldova
577,Beret,McDiarmid,bmcdiarmidg0@jiathis.com,Female,Wolbrom,Poland
578,Carmelle,Freeth,cfreethg1@barnesandnoble.com,Female,Zhanlong,China
579,Chryste,Pepall,cpepallg2@biglobe.ne.jp,Female,Strohonivka,Ukraine
580,Victoir,Bille,vbilleg3@ocn.ne.jp,Male,Long Loreh,Indonesia
581,Sabra,Doughty,sdoughtyg4@webnode.com,Female,Sunan,North Korea
582,Wiatt,Bold,wboldg5@dmoz.org,Male,Julita,Philippines
583,Malena,Cloutt,mclouttg6@alibaba.com,Female,Fu’an,China
584,Jarvis,Honsch,jhonschg7@hugedomains.com,Male,Baoxing,China
585,Lamar,Le Prevost,lleprevostg8@feedburner.com,Male,Moa,Cuba
586,Hamnet,Goody,hgoodyg9@ted.com,Male,Padangan,Indonesia
587,Celestina,Bunclark,cbunclarkga@telegraph.co.uk,Female,Temperak,Indonesia
588,Raye,Lammenga,rlammengagb@psu.edu,Female,Lleida,Spain
589,Jacques,Stang-Gjertsen,jstanggjertsengc@theatlantic.com,Male,Xarrë,Albania
590,Aigneis,Yoskowitz,ayoskowitzgd@cnet.com,Female,Nikol’sk,Russia
591,Jaquenetta,Deeth,jdeethge@weather.com,Female,Lingbeizhou,China
592,Nevil,Woolpert,nwoolpertgf@mysql.com,Male,Busdi,Philippines
593,Viv,Piddletown,vpiddletowngg@sun.com,Female,Bernal,Peru
594,Anne-corinne,Fairhead,afairheadgh@dedecms.com,Female,Metahāra,Ethiopia
595,Bab,Levesque,blevesquegi@fda.gov,Female,Chvalšiny,Czech Republic
596,Rudolf,Pendle,rpendlegj@usatoday.com,Male,Dobruševo,Macedonia
597,Louisa,Brownfield,lbrownfieldgk@abc.net.au,Female,Chimanimani,Zimbabwe
598,Tabbitha,Senescall,tsenescallgl@google.cn,Female,Burgersfort,South Africa
599,Corry,Tembridge,ctembridgegm@yellowpages.com,Female,Phon Phisai,Thailand
600,Nannette,Sherborn,nsherborngn@wikipedia.org,Female,Lagoa de Albufeira,Portugal
601,Blakelee,Gobbett,bgobbettgo@scribd.com,Female,Tuchoměřice,Czech Republic
602,Stefa,Capin,scapingp@omniture.com,Female,Pocpo,Bolivia
603,Stephanie,Hymus,shymusgq@gnu.org,Female,Karangtengah Lor,Indonesia
604,Jesus,Leece,jleecegr@scribd.com,Male,Sitrah,Bahrain
605,Olvan,Culmer,oculmergs@barnesandnoble.com,Male,Ferraz de Vasconcelos,Brazil
606,Kippy,Ilyuchyov,kilyuchyovgt@weebly.com,Female,San Rafael Abajo,Costa Rica
607,Earlie,Bains,ebainsgu@icq.com,Male,Nueva Imperial,Chile
608,Edee,Jelly,ejellygv@google.es,Female,Runka,Nigeria
609,Hamel,O'Coskerry,hocoskerrygw@cloudflare.com,Male,Beraim,Indonesia
610,Rosy,Grover,rgrovergx@constantcontact.com,Female,Velingrad,Bulgaria
611,Reilly,McGlade,rmcgladegy@nsw.gov.au,Male,Al Badārī,Egypt
612,Marielle,Beecker,mbeeckergz@seattletimes.com,Female,Zunilito,Guatemala
613,Jacquette,Swadlen,jswadlenh0@prweb.com,Female,Lingyang,China
614,Chloe,Eades,ceadesh1@1und1.de,Female,Eastern Suburbs Mc,Australia
615,Elston,Holleran,eholleranh2@sciencedaily.com,Male,Vale de Figueira,Portugal
616,Yale,Giorgietto,ygiorgiettoh3@pen.io,Male,Bururi,Burundi
617,Jerrylee,Newns,jnewnsh4@sciencedirect.com,Female,Bobolice,Poland
618,Correy,Norkett,cnorketth5@guardian.co.uk,Female,Villa del Rosario,Colombia
619,Ashley,Tregona,atregonah6@rakuten.co.jp,Female,Odrinhas,Portugal
620,Ev,Tremelling,etremellingh7@blogger.com,Male,Yunping,China
621,Wilma,Challenor,wchallenorh8@myspace.com,Female,Bratislava,Slovakia
622,Hilarius,Lifton,hliftonh9@gravatar.com,Male,Ar Rumaythīyah,Kuwait
623,Morten,Toby,mtobyha@ifeng.com,Male,Hecheng,China
624,Jacinthe,Corson,jcorsonhb@nih.gov,Female,Patani,Nigeria
625,Mart,Danford,mdanfordhc@usnews.com,Male,Mungo,Philippines
626,Davita,Blenkinsopp,dblenkinsopphd@intel.com,Female,Toulouse,France
627,Zahara,Taill,ztaillhe@smugmug.com,Female,Sembungin,Indonesia
628,Martica,Thing,mthinghf@histats.com,Female,La Cruz,Mexico
629,Clarette,Lawlan,clawlanhg@accuweather.com,Female,Novogurovskiy,Russia
630,Normie,Wyles,nwyleshh@ca.gov,Male,Xingfeng,China
631,Ardith,Larmour,alarmourhi@ocn.ne.jp,Female,Shimen,China
632,Schuyler,Rolance,srolancehj@jugem.jp,Male,Charlotte,United States
633,Max,Jellman,mjellmanhk@psu.edu,Male,Disina,Nigeria
634,Saraann,Reinbach,sreinbachhl@dion.ne.jp,Female,Dimitrovgrad,Serbia
635,Gerrie,Kubiczek,gkubiczekhm@cpanel.net,Female,Anār,Iran
636,Velma,Aspinell,vaspinellhn@sciencedirect.com,Female,Gharyan,Libya
637,Erroll,Everitt,eeverittho@vk.com,Male,Madison,United States
638,Lark,Cadalleder,lcadallederhp@storify.com,Female,Huaihua,China
639,Rick,Bernaert,rbernaerthq@amazon.de,Male,Palma De Mallorca,Spain
640,Dyna,MacKellar,dmackellarhr@weibo.com,Female,Manamrag,Philippines
641,Conchita,Stanworth,cstanworthhs@pagesperso-orange.fr,Female,Sölvesborg,Sweden
642,Janella,Woodsford,jwoodsfordht@photobucket.com,Female,Los Tangos,Honduras
643,Lynne,Goldsberry,lgoldsberryhu@zimbio.com,Female,Illapel,Chile
644,Alberik,Radwell,aradwellhv@multiply.com,Male,Kożuchów,Poland
645,Reginald,Dust,rdusthw@comcast.net,Male,Taphan Hin,Thailand
646,Osmund,Spavins,ospavinshx@pcworld.com,Male,Irving,United States
647,Durward,Woodruff,dwoodruffhy@illinois.edu,Male,Velasco Ibarra,Ecuador
648,Dermot,Gallgher,dgallgherhz@symantec.com,Male,Amsterdam,Netherlands
649,Cicily,Ruseworth,cruseworthi0@google.it,Female,Prokhorovka,Russia
650,Anett,Maving,amavingi1@biblegateway.com,Female,Lue Amnat,Thailand
651,Constance,Bloxsum,cbloxsumi2@ebay.com,Female,Kliwon Cibingbin,Indonesia
652,Jeana,Wiltsher,jwiltsheri3@economist.com,Female,Kiambu,Kenya
653,Dedie,Belward,dbelwardi4@photobucket.com,Female,Trindade,Brazil
654,Nobie,Ughi,nughii5@themeforest.net,Male,Uvarovo,Russia
655,Dionysus,Odam,dodami6@ftc.gov,Male,Cibungur,Indonesia
656,Corrianne,Chimes,cchimesi7@theglobeandmail.com,Female,Miaoshi,China
657,Augustine,Andries,aandriesi8@bloglines.com,Male,Phayuha Khiri,Thailand
658,Welsh,Ickovits,wickovitsi9@marriott.com,Male,Hennenman,South Africa
659,Harlene,Orlton,horltonia@answers.com,Female,Hino,Japan
660,Mady,Mahaddie,mmahaddieib@studiopress.com,Female,Bangekdewa,Indonesia
661,Bary,Threadkell,bthreadkellic@hubpages.com,Male,Lughaye,Somalia
662,Ham,Colloff,hcolloffid@wisc.edu,Male,Tokoname,Japan
663,Cathyleen,Gidney,cgidneyie@altervista.org,Female,Nantes,France
664,Darell,McNiven,dmcnivenif@intel.com,Female,Amirdzhan,Azerbaijan
665,Richy,Dunniom,rdunniomig@desdev.cn,Male,Koslan,Russia
666,Darice,Pietruszka,dpietruszkaih@wsj.com,Female,Los Boquerones,Panama
667,Giordano,Cookson,gcooksonii@clickbank.net,Male,Kansas City,United States
668,Gnni,Grimditch,ggrimditchij@163.com,Female,Church End,United Kingdom
669,Salim,Burree,sburreeik@boston.com,Male,San Francisco,Venezuela
670,Virgie,Toby,vtobyil@virginia.edu,Male,Bin Yauri,Nigeria
671,Catina,Vasiliev,cvasilievim@altervista.org,Female,Krokeaí,Greece
672,Tierney,Turbard,tturbardin@uol.com.br,Female,Fenkeng,China
673,Chrisy,Renne,crenneio@merriam-webster.com,Male,Áyios Yeóryios,Greece
674,Clark,Howarth,chowarthip@biblegateway.com,Male,Sapucaia,Brazil
675,Culver,Romera,cromeraiq@soundcloud.com,Male,Bailiang,China
676,Octavius,Petroulis,opetroulisir@usatoday.com,Male,Karangpocok,Indonesia
677,Ebony,Clifft,eclifftis@state.gov,Female,Saint Petersburg,United States
678,Livvy,Sargant,lsargantit@about.com,Female,Rukungiri,Uganda
679,Lindy,Natalie,lnatalieiu@springer.com,Female,Yinla,China
680,Jodee,Sayles,jsaylesiv@blogtalkradio.com,Female,Yanjiang,China
681,Mile,Boodle,mboodleiw@ebay.com,Male,Kangalassy,Russia
682,Kaiser,Kaliszewski,kkaliszewskiix@cisco.com,Male,Fengshan,China
683,Mycah,Noell,mnoelliy@intel.com,Male,Senduro,Indonesia
684,Oberon,Triggol,otriggoliz@bbc.co.uk,Male,Rockford,United States
685,Marie-jeanne,Reboul,mreboulj0@symantec.com,Female,Majia,China
686,Tripp,Oury,touryj1@ft.com,Male,Desovo,Macedonia
687,Colin,Foxton,cfoxtonj2@drupal.org,Male,Paris 12,France
688,Rolf,Ghelerdini,rghelerdinij3@independent.co.uk,Male,Kamifukuoka,Japan
689,Kory,Drabble,kdrabblej4@cbslocal.com,Male,Ningchegu,China
690,Rhett,Mumbey,rmumbeyj5@barnesandnoble.com,Male,Betim,Brazil
691,De,Darrington,ddarringtonj6@tinypic.com,Female,Daleszyce,Poland
692,Debbie,Vosper,dvosperj7@tinyurl.com,Female,Arnhem,Netherlands
693,Leone,Templman,ltemplmanj8@sakura.ne.jp,Female,Mishan,China
694,Delmer,Hassent,dhassentj9@google.it,Male,Béziers,France
695,Erv,MacLice,emacliceja@cafepress.com,Male,Bontoc,Philippines
696,Kriste,Casetta,kcasettajb@blogspot.com,Female,Linshi,China
697,Peyton,Coggeshall,pcoggeshalljc@qq.com,Male,Kukawa,Nigeria
698,Godfry,Rivenzon,grivenzonjd@symantec.com,Male,Adelaide,Australia
699,Cristen,Izac,cizacje@themeforest.net,Female,Baidian,China
700,Janeen,Rijkeseis,jrijkeseisjf@netscape.com,Female,Shchelkovo,Russia
701,Lizabeth,Knightley,lknightleyjg@printfriendly.com,Female,Magsaysay,Philippines
702,Gae,Eixenberger,geixenbergerjh@vk.com,Female,Long Layu,Indonesia
703,Nomi,Yirrell,nyirrellji@fotki.com,Female,Hepo,China
704,Buffy,Wildman,bwildmanjj@fda.gov,Female,Pende,Indonesia
705,Page,Pyper,ppyperjk@wufoo.com,Female,Aix-en-Provence,France
706,Brannon,Antoniottii,bantoniottiijl@bizjournals.com,Male,Buni Yadi,Nigeria
707,Francois,Donwell,fdonwelljm@noaa.gov,Male,Trzcińsko Zdrój,Poland
708,Cordie,Tailby,ctailbyjn@auda.org.au,Male,Tamaulipas,Mexico
709,Shawna,Matthessen,smatthessenjo@weather.com,Female,Tombu,Sierra Leone
710,Maxine,Subhan,msubhanjp@livejournal.com,Female,Listowel,Ireland
711,Sonia,Elias,seliasjq@google.ca,Female,Nangaroro,Indonesia
712,Rosalia,Flann,rflannjr@xinhuanet.com,Female,Chakari,Zimbabwe
713,Thor,Morpeth,tmorpethjs@google.es,Male,Pongola,South Africa
714,Haily,Piers,hpiersjt@cloudflare.com,Male,Bangbayang,Indonesia
715,Angelico,Oleksinski,aoleksinskiju@ezinearticles.com,Male,San José de las Lajas,Cuba
716,Brody,Tregido,btregidojv@noaa.gov,Male,Cochabamba,Peru
717,Paddy,MacCollom,pmaccollomjw@aboutads.info,Male,Port-aux-Français,French Southern Territories
718,Charmane,Harrie,charriejx@dedecms.com,Female,Kagawasan,Philippines
719,Thayne,Dimbylow,tdimbylowjy@wikipedia.org,Male,Wujiabao,China
720,Carmita,Spurier,cspurierjz@engadget.com,Female,Maulawin,Philippines
721,Sheilah,O'Gorman,sogormank0@artisteer.com,Female,Krahës,Albania
722,Gaspard,Ecclestone,gecclestonek1@zimbio.com,Male,Mujães,Portugal
723,Kristoffer,Baignard,kbaignardk2@google.ca,Male,Dvorovi,Bosnia and Herzegovina
724,Wit,Vanne,wvannek3@purevolume.com,Male,Gaoqiao,China
725,Barbee,Manjot,bmanjotk4@infoseek.co.jp,Female,Langarūd,Iran
726,Cynthea,Stanway,cstanwayk5@time.com,Female,Wa’eryi,China
727,Jameson,Upwood,jupwoodk6@webeden.co.uk,Male,Mabunga,Philippines
728,Edi,Seamarke,eseamarkek7@rediff.com,Female,Solntsevo,Russia
729,Caren,Moors,cmoorsk8@smugmug.com,Female,Mesa,Indonesia
730,Lurline,Spivey,lspiveyk9@drupal.org,Female,Diego de Almagro,Chile
731,Eal,Beeble,ebeebleka@networkadvertising.org,Male,Panggung,Indonesia
732,Hasty,Fullerton,hfullertonkb@mayoclinic.com,Male,Kota Kinabalu,Malaysia
733,Tawsha,Langcaster,tlangcasterkc@360.cn,Female,Geyuan,China
734,Had,Crowden,hcrowdenkd@theatlantic.com,Male,København,Denmark
735,Hercules,Russel,hrusselke@topsy.com,Male,Marcos,Philippines
736,Bel,Gault,bgaultkf@bloglovin.com,Female,Canala,New Caledonia
737,Flint,Fattorini,ffattorinikg@flickr.com,Male,Matagalpa,Nicaragua
738,Nefen,Fury,nfurykh@imageshack.us,Male,Balzers,Liechtenstein
739,Merna,Smeeton,msmeetonki@delicious.com,Female,Sosnovka,Russia
740,Jacinthe,Michelle,jmichellekj@sfgate.com,Female,Dovhe,Ukraine
741,Ly,O'Carroll,locarrollkk@telegraph.co.uk,Male,Pau,Philippines
742,Rik,Allcroft,rallcroftkl@ox.ac.uk,Male,Youngstown,United States
743,Archaimbaud,Erasmus,aerasmuskm@yelp.com,Male,Shadui,China
744,Edith,McRobert,emcrobertkn@state.gov,Female,Sudogda,Russia
745,Dodi,Jakeway,djakewayko@foxnews.com,Female,Dallas,United States
746,Theadora,Derks,tderkskp@topsy.com,Female,São João del Rei,Brazil
747,Rubetta,Martijn,rmartijnkq@myspace.com,Female,Dao,Philippines
748,Lisetta,Dureden,lduredenkr@hhs.gov,Female,Alençon,France
749,Cari,Crosland,ccroslandks@who.int,Female,Karlstad,Sweden
750,Riccardo,Zmitrovich,rzmitrovichkt@va.gov,Male,Albufeira,Portugal
751,Jude,Petruskevich,jpetruskevichku@posterous.com,Male,Daluo,China
752,Blinni,Linge,blingekv@google.com,Female,Serhetabat,Turkmenistan
753,Ingrid,Dabels,idabelskw@google.es,Female,Wrząsowice,Poland
754,Benedikta,Brewerton,bbrewertonkx@freewebs.com,Female,Las Palmas,Peru
755,Ellynn,Gepson,egepsonky@seattletimes.com,Female,Changyuan,China
756,Bobbe,Caddell,bcaddellkz@miitbeian.gov.cn,Female,Buštěhrad,Czech Republic
757,Riannon,Zuppa,rzuppal0@cam.ac.uk,Female,Fajões,Portugal
758,Meggie,Folan,mfolanl1@ted.com,Female,Hidalgo,Mexico
759,Donny,Brattell,dbrattelll2@about.me,Male,Drohobych,Ukraine
760,Dannel,Kruschov,dkruschovl3@vkontakte.ru,Male,Lyon,France
761,Leroy,Folbige,lfolbigel4@uiuc.edu,Male,Ash Shuhadā’,Palestinian Territory
762,Kerrie,Ferrea,kferreal5@1und1.de,Female,Eskilstuna,Sweden
763,Terry,Rainsden,trainsdenl6@yelp.com,Male,Dongxi,China
764,Robbert,Harhoff,rharhoffl7@godaddy.com,Male,Halayhayin,Philippines
765,Ban,Shevill,bshevilll8@ucsd.edu,Male,Yangping,China
766,Rowena,Lanston,rlanstonl9@123-reg.co.uk,Female,Lampuyang,Indonesia
767,Micki,Lowmass,mlowmassla@reddit.com,Female,Bolondrón,Cuba
768,Wolfie,Baggett,wbaggettlb@economist.com,Male,Puhja,Estonia
769,Arlen,McGuggy,amcguggylc@dropbox.com,Male,Ampasimanolotra,Madagascar
770,Robinson,Jermin,rjerminld@mac.com,Male,Bāqim as Sūq,Yemen
771,Waring,Well,wwellle@shutterfly.com,Male,Clermont-Ferrand,France
772,Baron,Randall,brandalllf@microsoft.com,Male,Guayabal,Colombia
773,Vivianna,Glede,vgledelg@webs.com,Female,Castellon De La Plana/Castello De La Pla,Spain
774,Sid,Abisetti,sabisettilh@stanford.edu,Male,Inuyama,Japan
775,Stevena,Tuxill,stuxillli@mozilla.com,Female,Agenebode,Nigeria
776,Antony,Shipston,ashipstonlj@bluehost.com,Male,Panxi,China
777,Gris,Lazarus,glazaruslk@digg.com,Male,Évlalo,Greece
778,Rip,Petersen,rpetersenll@sogou.com,Male,Mestre,Italy
779,Carita,Lequeux,clequeuxlm@wiley.com,Female,Lakha Nëvre,Russia
780,Clerc,Fiske,cfiskeln@infoseek.co.jp,Male,Guojia,China
781,Wayne,Claibourn,wclaibournlo@berkeley.edu,Male,Kimakamak,Indonesia
782,Teddy,Martinie,tmartinielp@github.io,Male,Mandal,Mongolia
783,Deane,Bennetto,dbennettolq@washington.edu,Male,Hecun,China
784,Koenraad,Siddell,ksiddelllr@mapy.cz,Male,Dún Laoghaire,Ireland
785,Fanni,Reagan,freaganls@wikipedia.org,Female,Polomolok,Philippines
786,Aigneis,Burney,aburneylt@myspace.com,Female,Muli,China
787,Bennie,Alps,balpslu@furl.net,Male,Kutampi,Indonesia
788,Aldrich,Silverwood,asilverwoodlv@economist.com,Male,Huapi,China
789,Gayle,Goodee,ggoodeelw@altervista.org,Female,Xianyan,China
790,Annabal,Oosthout de Vree,aoosthoutdevreelx@statcounter.com,Female,Sila,Indonesia
791,Nels,Dominey,ndomineyly@icq.com,Male,La Serena,Chile
792,Pooh,Stiell,pstielllz@bandcamp.com,Male,Kyzylorda,Kazakhstan
793,Glen,Dummigan,gdummiganm0@go.com,Male,Gardēz,Afghanistan
794,Urban,Sarfass,usarfassm1@nydailynews.com,Male,Alung,Indonesia
795,Shantee,Rubenfeld,srubenfeldm2@miitbeian.gov.cn,Female,Loakulu,Indonesia
796,Gottfried,Rotherforth,grotherforthm3@miitbeian.gov.cn,Male,Angelochóri,Greece
797,Micheal,Wisby,mwisbym4@fema.gov,Male,Wenquan,China
798,Mack,Lawrie,mlawriem5@dropbox.com,Male,Ōmura,Japan
799,Dalli,Blindmann,dblindmannm6@hostgator.com,Male,Jinhui,China
800,Viv,Kingham,vkinghamm7@tmall.com,Female,Medianeira,Brazil
801,Nicko,Duffield,nduffieldm8@mapy.cz,Male,San Miguel,Philippines
802,Wynne,Ramberg,wrambergm9@wsj.com,Female,Ţayyibat al Imām,Syria
803,Frasier,McMenemy,fmcmenemyma@nbcnews.com,Male,Anchau,Nigeria
804,Adena,Oswald,aoswaldmb@psu.edu,Female,Przybyszówka,Poland
805,Brendon,Ropkins,bropkinsmc@archive.org,Male,Sanxi,China
806,Jandy,Dunning,jdunningmd@youtu.be,Female,San Cristóbal,Dominican Republic
807,Kelila,Ailsbury,kailsburyme@imageshack.us,Female,Dolna Banjica,Macedonia
808,Irv,Waleran,iwaleranmf@time.com,Male,Svetlyy,Russia
809,Esme,Durrance,edurrancemg@samsung.com,Male,Fufang,China
810,Kerianne,Crenshaw,kcrenshawmh@facebook.com,Female,Orong,Indonesia
811,Charlotta,Dogg,cdoggmi@webmd.com,Female,Skurup,Sweden
812,Jonathan,Chomicki,jchomickimj@1688.com,Male,Teeli,Russia
813,Emmi,Rennix,erennixmk@mapquest.com,Female,Três Coroas,Brazil
814,Sherm,Adds,saddsml@springer.com,Male,Huangliang,China
815,Lynde,Dormer,ldormermm@geocities.com,Female,Katsuta,Japan
816,Cornelia,Dionisetto,cdionisettomn@moonfruit.com,Female,Mtimbira,Tanzania
817,Cleo,Speakman,cspeakmanmo@prweb.com,Female,Barra do Bugres,Brazil
818,Harley,Webb,hwebbmp@e-recht24.de,Female,Landim,Portugal
819,Dinny,Hammor,dhammormq@latimes.com,Female,Mollas,Albania
820,Scott,Demange,sdemangemr@canalblog.com,Male,Buzuluk,Russia
821,Beverie,Sommerland,bsommerlandms@si.edu,Female,Żarki,Poland
822,Ignatius,Rebbeck,irebbeckmt@deliciousdays.com,Male,Łomazy,Poland
823,Nichols,Handrik,nhandrikmu@google.it,Male,West Palm Beach,United States
824,Berne,Haysar,bhaysarmv@imdb.com,Male,Tallahassee,United States
825,Oswald,Fake,ofakemw@mtv.com,Male,Bonriki Village,Kiribati
826,Brander,Longhurst,blonghurstmx@wired.com,Male,Ryazhsk,Russia
827,Flo,Giraldez,fgiraldezmy@aol.com,Female,Wąwolnica,Poland
828,Lamont,Samuel,lsamuelmz@wix.com,Male,Wielichowo,Poland
829,Marie-ann,Duxfield,mduxfieldn0@earthlink.net,Female,Puputan,Indonesia
830,Nero,Sodeau,nsodeaun1@epa.gov,Male,Bailan,Philippines
831,Renate,Gain,rgainn2@tumblr.com,Female,Namur,Belgium
832,Filippo,Bode,fboden3@umich.edu,Male,Petit Raffray,Mauritius
833,Richart,Tenpenny,rtenpennyn4@mashable.com,Male,Al Fukhkhārī,Palestinian Territory
834,Essy,Reubbens,ereubbensn5@bloglines.com,Female,Duraykīsh,Syria
835,Ewell,Dorward,edorwardn6@mtv.com,Male,Hội An,Vietnam
836,Em,Benoix,ebenoixn7@shinystat.com,Male,Aqtoghay,Kazakhstan
837,Katlin,Teek,kteekn8@stumbleupon.com,Female,Rushankou,China
838,Devin,Micah,dmicahn9@wordpress.com,Male,Cornillon,Haiti
839,Jackquelin,Measey,jmeaseyna@ucoz.ru,Female,Pinheiro,Portugal
840,Felizio,Hardwicke,fhardwickenb@ihg.com,Male,Cikananga,Indonesia
841,Standford,Goodger,sgoodgernc@cdc.gov,Male,Arles,France
842,Darin,Schumacher,dschumachernd@sciencedirect.com,Male,Cabanbanan,Philippines
843,Steffane,Maren,smarenne@mit.edu,Female,Đắk Hà,Vietnam
844,Turner,Pipet,tpipetnf@whitehouse.gov,Male,Nusajaya,Malaysia
845,Jose,Tester,jtesterng@utexas.edu,Male,Tianxingchang,China
846,Carleen,Fahrenbacher,cfahrenbachernh@statcounter.com,Female,Tchaourou,Benin
847,Cam,Stellino,cstellinoni@umn.edu,Male,Molteno,South Africa
848,Simmonds,Keneleyside,skeneleysidenj@techcrunch.com,Male,Dashtobod,Uzbekistan
849,Dale,Collyer,dcollyernk@trellian.com,Male,Yaring,Thailand
850,Sanderson,Mokes,smokesnl@jugem.jp,Male,Canelas,Portugal
851,Filberte,Hylden,fhyldennm@goo.ne.jp,Male,Sanlidian,China
852,Vivian,Clausius,vclausiusnn@edublogs.org,Female,Narbonne,France
853,Ranna,Shaddock,rshaddockno@cpanel.net,Female,Deir Ḥannā,Israel
854,Wanids,Snare,wsnarenp@hibu.com,Female,Ciomas,Indonesia
855,Valeda,Willmott,vwillmottnq@wsj.com,Female,Pujiang,China
856,Seth,Ben,sbennr@bizjournals.com,Male,Zigong,China
857,Clevie,Fearby,cfearbyns@abc.net.au,Male,Saint-Sauveur,Canada
858,Briggs,Bickerdyke,bbickerdykent@dion.ne.jp,Male,Daliciasao,Philippines
859,Tove,Vogt,tvogtnu@ftc.gov,Female,Sacramento,United States
860,Ethelred,Colling,ecollingnv@networksolutions.com,Male,Evansville,United States
861,Farr,Ludvigsen,fludvigsennw@oaic.gov.au,Male,Kushchëvskaya,Russia
862,Ragnar,Wytchard,rwytchardnx@hibu.com,Male,Oslo,Norway
863,Mufi,Bitterton,mbittertonny@dagondesign.com,Female,Tungipāra,Bangladesh
864,Tabbie,Dudin,tdudinnz@joomla.org,Male,Mosjøen,Norway
865,Felicdad,Govern,fgoverno0@ameblo.jp,Female,Kijang,South Korea
866,Ashly,Pilch,apilcho1@hc360.com,Female,Paris La Défense,France
867,Rowena,Carey,rcareyo2@themeforest.net,Female,Francisco Sarabia,Mexico
868,Daveta,Dicte,ddicteo3@lycos.com,Female,Ash Shaddādah,Syria
869,Arlan,Olyet,aolyeto4@phoca.cz,Male,Tangier,Morocco
870,Tiebout,Baynon,tbaynono5@zdnet.com,Male,Garoua,Cameroon
871,Nellie,Coumbe,ncoumbeo6@vinaora.com,Female,Tongliao,China
872,Ado,Antognozzii,aantognozziio7@ucla.edu,Male,Daxi,China
873,Godfry,Stobbs,gstobbso8@ow.ly,Male,Bolian,China
874,Locke,Townson,ltownsono9@salon.com,Male,Dabao’anzhen,China
875,Grenville,MacAirt,gmacairtoa@loc.gov,Male,Detroit,United States
876,Torry,Neising,tneisingob@jiathis.com,Male,Muang Pakxan,Laos
877,Gertruda,Hubach,ghubachoc@skype.com,Female,Prínos,Greece
878,Sidnee,Kubach,skubachod@tripadvisor.com,Male,Banī Zayd,Palestinian Territory
879,Janos,Mozzetti,jmozzettioe@uiuc.edu,Male,Essang,Indonesia
880,Hiram,Okker,hokkerof@cam.ac.uk,Male,Manas,Russia
881,Georgeta,Ninotti,gninottiog@yahoo.com,Female,Wucheng,China
882,Goraud,Browell,gbrowelloh@techcrunch.com,Male,Aveleda,Portugal
883,Margarethe,Ivey,miveyoi@w3.org,Female,Ghazni,Afghanistan
884,Letti,Fallon,lfallonoj@xing.com,Female,Patitírion,Greece
885,Lanna,Trigg,ltriggok@salon.com,Female,Masaguisi,Philippines
886,Larry,Boarleyson,lboarleysonol@fda.gov,Male,Udi,Nigeria
887,Horatius,Buzza,hbuzzaom@clickbank.net,Male,Zhengmo,China
888,Maximilian,Brashier,mbrashieron@yandex.ru,Male,Wiyayu Barat,Indonesia
889,Adriane,Epsly,aepslyoo@eepurl.com,Female,Victoria,Canada
890,Bernard,Treanor,btreanorop@marketwatch.com,Male,Yashkul’,Russia
891,Bendix,Rutt,bruttoq@360.cn,Male,Cabarroguis,Philippines
892,Bogart,Bobasch,bbobaschor@flavors.me,Male,Viale,Argentina
893,Madelon,Franchi,mfranchios@aboutads.info,Female,Almeria,Spain
894,Selina,Jacombs,sjacombsot@google.ca,Female,Ouani,Comoros
895,Fey,Rattry,frattryou@ask.com,Female,Sinarharapan,Indonesia
896,Eddy,Stace,estaceov@ustream.tv,Male,Vitoria-Gasteiz,Spain
897,Sander,Woodman,swoodmanow@paypal.com,Male,Macapá,Brazil
898,Weider,Labden,wlabdenox@mayoclinic.com,Male,Muhur,China
899,Rickert,Bannister,rbannisteroy@mashable.com,Male,Panadura,Sri Lanka
900,Burtie,Dunsire,bdunsireoz@meetup.com,Male,Gejiu,China
901,Becka,Kohn,bkohnp0@japanpost.jp,Female,Volokolamsk,Russia
902,Junina,Currier,jcurrierp1@imdb.com,Female,Kaulon,Indonesia
903,Delores,Riggott,driggottp2@meetup.com,Female,Pujijie,China
904,Sephira,Hassell,shassellp3@mlb.com,Female,Blumenau,Brazil
905,Herman,Cantu,hcantup4@ifeng.com,Male,Minh Lương,Vietnam
906,Russell,Filyushkin,rfilyushkinp5@senate.gov,Male,San Vicente,Philippines
907,Regan,Ciobotaru,rciobotarup6@nhs.uk,Male,Taganskiy,Russia
908,Oralia,Pepys,opepysp7@rakuten.co.jp,Female,Nangka,Philippines
909,Corny,Webermann,cwebermannp8@facebook.com,Male,Candelaria,Colombia
910,Roselle,Elwell,relwellp9@newsvine.com,Female,Široki Brijeg,Bosnia and Herzegovina
911,Lonnard,Valek,lvalekpa@state.gov,Male,Yevpatoriya,Ukraine
912,Jolee,Hanaby,jhanabypb@themeforest.net,Female,Salwá,Kuwait
913,Denver,Carpmile,dcarpmilepc@linkedin.com,Male,Austin,United States
914,Delmor,Holligan,dholliganpd@state.gov,Male,Penghu,China
915,Emmaline,Kubasiewicz,ekubasiewiczpe@amazon.de,Female,Ganyesa,South Africa
916,Rois,St. Leger,rstlegerpf@cocolog-nifty.com,Female,Janiuay,Philippines
917,Cosetta,Ridoutt,cridouttpg@amazon.co.jp,Female,Rustam jo Goth,Pakistan
918,Roderick,Costar,rcostarph@wordpress.com,Male,Reno,United States
919,Amye,Prandin,aprandinpi@deliciousdays.com,Female,Songmuping,China
920,Stewart,Entres,sentrespj@reddit.com,Male,Löddeköpinge,Sweden
921,Faulkner,Mersh,fmershpk@taobao.com,Male,Navariya,Ukraine
922,Brewster,Patridge,bpatridgepl@smugmug.com,Male,Kopang Satu,Indonesia
923,Mendy,Sharpley,msharpleypm@multiply.com,Male,Regulice,Poland
924,Jessalin,Gilkes,jgilkespn@is.gd,Female,Goranboy,Azerbaijan
925,Darin,Corrigan,dcorriganpo@networkadvertising.org,Male,Juḩr ad Dīk,Palestinian Territory
926,Emilee,Bointon,ebointonpp@ucoz.ru,Female,Aygavan,Armenia
927,Bruis,Bellas,bbellaspq@comcast.net,Male,Wola Sernicka,Poland
928,Welby,Feaver,wfeaverpr@alexa.com,Male,Wanli,China
929,Wini,Cotty,wcottyps@tinypic.com,Female,Muruy,Indonesia
930,Lee,McCloy,lmccloypt@forbes.com,Male,Waihibar,Indonesia
931,Jennette,Mackley,jmackleypu@github.io,Female,Šentjur,Slovenia
932,Jackquelin,Warlow,jwarlowpv@jiathis.com,Female,Los Algarrobos,Panama
933,Puff,Habble,phabblepw@quantcast.com,Male,Cikai,China
934,Florina,Dumbrill,fdumbrillpx@disqus.com,Female,Mukō,Japan
935,Adena,Brehaut,abrehautpy@jugem.jp,Female,Cimenga,Indonesia
936,Garwood,Faich,gfaichpz@google.it,Male,Ýdra,Greece
937,Humberto,Antczak,hantczakq0@etsy.com,Male,Khelyulya,Russia
938,Orelie,Wisedale,owisedaleq1@scribd.com,Female,Videira,Brazil
939,Felita,Lovering,floveringq2@smugmug.com,Female,Kowang Utara,Indonesia
940,Helaina,Ranshaw,hranshawq3@merriam-webster.com,Female,Krutinka,Russia
941,Sergei,Gutowska,sgutowskaq4@paypal.com,Male,Shiziling,China
942,Holly,Woodrow,hwoodrowq5@latimes.com,Male,San Pedro,Philippines
943,Tessy,Yeudall,tyeudallq6@ed.gov,Female,Stockholm,Sweden
944,Cecelia,Hainey,chaineyq7@tinypic.com,Female,Poroçan,Albania
945,Angeline,Stanlack,astanlackq8@japanpost.jp,Female,Yaurisque,Peru
946,Gordy,Forcade,gforcadeq9@tmall.com,Male,Savyntsi,Ukraine
947,Trudie,Sambiedge,tsambiedgeqa@miitbeian.gov.cn,Female,Anyar,Indonesia
948,Hayward,Keaveney,hkeaveneyqb@google.pl,Male,Citundun,Indonesia
949,Lanny,Keyes,lkeyesqc@redcross.org,Male,Baipenzhu,China
950,Kippy,Ripon,kriponqd@google.ca,Female,São Paulo,Brazil
951,Fletch,Shorto,fshortoqe@g.co,Male,Batojaran,Indonesia
952,Christye,Hewkin,chewkinqf@ezinearticles.com,Female,Cambrai,France
953,Kristos,See,kseeqg@deliciousdays.com,Male,Alavus,Finland
954,Pia,Panter,ppanterqh@vk.com,Female,António Enes,Mozambique
955,Mair,de Nore,mdenoreqi@seattletimes.com,Female,Porto de Mós,Portugal
956,Corena,Bullene,cbulleneqj@bigcartel.com,Female,Palmas,Brazil
957,Roarke,Davies,rdaviesqk@mapquest.com,Male,Buenavista,Mexico
958,Jane,McAloren,jmcalorenql@omniture.com,Female,Delães,Portugal
959,Maryanne,Gabbitus,mgabbitusqm@nytimes.com,Female,Genisséa,Greece
960,Marilyn,Colbron,mcolbronqn@ibm.com,Female,Thanatpin,Myanmar
961,Dorian,Abramcik,dabramcikqo@psu.edu,Female,Erling,China
962,Sandy,Dodson,sdodsonqp@google.fr,Male,Brumadinho,Brazil
963,Burton,Cheeney,bcheeneyqq@weather.com,Male,Bogojevo,Serbia
964,Tressa,Suttling,tsuttlingqr@bing.com,Female,Junshan,China
965,Patin,Ellaman,pellamanqs@comsenz.com,Male,Frederiksberg,Denmark
966,Melonie,Lowbridge,mlowbridgeqt@walmart.com,Female,Pasonobenu,Indonesia
967,Bo,Benoiton,bbenoitonqu@instagram.com,Male,Pokrovskoye,Russia
968,Leonora,Shelp,lshelpqv@soundcloud.com,Female,Quintã,Portugal
969,Madlin,McCourt,mmccourtqw@netscape.com,Female,Chãos,Portugal
970,Ernesta,Stannis,estannisqx@amazon.com,Female,Huntsville,United States
971,Montgomery,Biggin,mbigginqy@indiatimes.com,Male,Bahāwalpur,Pakistan
972,Jed,Drache,jdracheqz@newsvine.com,Male,Magalalag,Philippines
973,Ulrick,Sabati,usabatir0@noaa.gov,Male,Independencia,Mexico
974,Sunny,Henworth,shenworthr1@blogger.com,Male,Blois,France
975,Boony,Delyth,bdelythr2@bloglovin.com,Male,Makarska,Croatia
976,Nedda,Furlow,nfurlowr3@nba.com,Female,Baizhong,China
977,Irwinn,Yusupov,iyusupovr4@wp.com,Male,Hagondange,France
978,Nedi,Sickling,nsicklingr5@photobucket.com,Female,Sut-Khol’,Russia
979,Trevor,Turnock,tturnockr6@simplemachines.org,Male,Créteil,France
980,Larry,Probert,lprobertr7@engadget.com,Male,Kalutara,Sri Lanka
981,Dorie,Ridgedell,dridgedellr8@usgs.gov,Female,Boca Suno,Ecuador
982,Cassius,Tiddy,ctiddyr9@mac.com,Male,Molinos,Argentina
983,Demetris,Brodeau,dbrodeaura@nature.com,Female,Danao,Philippines
984,Nikoletta,Dickey,ndickeyrb@wp.com,Female,Nusajaya,Malaysia
985,Welch,Slack,wslackrc@state.tx.us,Male,Ryazhsk,Russia
986,Isidora,Juhruke,ijuhrukerd@icio.us,Female,Dầu Tiếng,Vietnam
987,Jared,Fennelow,jfennelowre@cisco.com,Male,Cipadung,Indonesia
988,Coralie,Folomin,cfolominrf@unblog.fr,Female,Ilovka,Russia
989,Leilah,Colleford,lcollefordrg@ustream.tv,Female,Vila Moreira,Portugal
990,Liane,Clausewitz,lclausewitzrh@live.com,Female,Täby,Sweden
991,Dwain,Howselee,dhowseleeri@homestead.com,Male,Shibīn al Kawm,Egypt
992,Ralph,Midlar,rmidlarrj@vinaora.com,Male,Nariño,Colombia
993,Garwood,Liddyard,gliddyardrk@google.es,Male,Tabuaço,Portugal
994,Nowell,Lewsey,nlewseyrl@imdb.com,Male,Rivesaltes,France
995,Trueman,McNea,tmcnearm@51.la,Male,Ambelókipoi,Greece
996,Kamilah,Dansie,kdansiern@admin.ch,Female,Baranowo,Poland
997,Wandie,Thornton-Dewhirst,wthorntondewhirstro@pagesperso-orange.fr,Female,Paris 03,France
998,Merrielle,Glascott,mglascottrp@census.gov,Female,Berlín,Honduras
999,Rudolfo,Ferrieri,rferrierirq@meetup.com,Male,Hamburg,Germany
1000,Aidan,Conyard,aconyardrr@umich.edu,Female,Aban,Russia
